clinic_id,clinic_name,waiting_room,waiting_time_minutes,number_of_people,status
1,Physiotherapy,1,50,1,Open
2,GP,1,46,2,Occupied
1,Physiotherapy,2,100,12,Occupied
2,GP,2,54,11,Occupied
3,Dermatology,1,121,2,Occupied
1,Physiotherapy,2,21,4,Occupied
3,Dermatology,1,60,5,Occupied
3,Dermatology,3,133,8,Occupied
2,GP,3,161,9,Occupied
2,GP,2,68,6,Occupied
3,Dermatology,2,56,14,Open
2,GP,3,91,3,Open
2,GP,2,27,2,Open
2,GP,2,20,23,Open
2,GP,1,44,7,Open
3,Dermatology,2,80,6,Open
3,Dermatology,2,89,5,Open
4,Dental,1,113,5,Open
2,GP,2,57,7,Open
4,Dental,2,172,8,Open
